method,cluster_distance,cluster_std,precision_ratio_mean,precision_ratio_std,recall_ratio_mean,recall_ratio_std,f1_ratio_mean,f1_ratio_std,accuracy_ratio_mean,accuracy_ratio_std,precision_ratio_cv,recall_ratio_cv,f1_ratio_cv,accuracy_ratio_cv
Agglomerative (Hierarchical),0.0,0.2,1.0015659559060202,0.056344156779243565,1.1092096784682721,0.47988378467653653,1.0389402189300831,0.27124988611020434,1.006343369115986,0.033553009732801155,0.05625606226628823,0.4326357712089357,0.2610832473013141,0.03334151221394296
Agglomerative (Hierarchical),0.0,0.3,1.009592020609839,0.04219076812402806,0.9441715712958949,0.2804313157648093,0.9653971881528024,0.17432230164251622,1.0052828644462726,0.030903056296683683,0.04178991836578001,0.29701308987720476,0.18057055042398218,0.03074065756975339
Agglomerative (Hierarchical),0.0,0.4000000000000001,1.0093145866531317,0.05493743125355475,1.0622023485784953,0.25984988139408166,1.0296396877685947,0.13663687050198461,1.0077261656839123,0.0455360705725743,0.05443043425709941,0.244633126392376,0.13270357788762016,0.04518694872001303
Agglomerative (Hierarchical),0.0,0.5000000000000001,0.9987190687721098,0.048494770032461026,1.041836678898704,0.5514678803726026,1.0064649839861564,0.28546828752889236,0.9966741241209889,0.02966802768802737,0.04855696816932078,0.5293227734653609,0.28363459441805966,0.029767029132208002
Agglomerative (Hierarchical),0.0,0.6000000000000001,1.0020494388283665,0.038388172011442755,1.0851884817267259,0.3363193959761287,1.033952309541019,0.19118860181706265,1.0031512579672746,0.03308180476750455,0.03830965870938228,0.3099179558568345,0.18491046448934675,0.032977882951111016
Agglomerative (Hierarchical),0.0,0.7000000000000002,0.9735649315786754,0.06456202184672101,1.138557451625108,0.3933690097765208,1.0545982806715433,0.2272011521904921,0.9766132907556345,0.044890412332709566,0.0663150651308188,0.3454977254024816,0.21543857633241711,0.04596539158091585
Agglomerative (Hierarchical),0.0,0.8000000000000003,0.9820012970401157,0.07242132463265831,0.9812225378533128,0.36252390861016287,0.9591653007531811,0.20890853818028027,0.9818609812074284,0.057222650888545674,0.07374870567986615,0.3694614571361977,0.2178024351133591,0.05827978907785602
Agglomerative (Hierarchical),0.5,0.2,14.861877697385472,16.058910644256233,13.00606322744054,16.179533586300913,13.5345849023087,15.618207268102063,5.97815444155017,4.921607652477043,1.0805438566542198,1.2439993027378877,1.1539480065944205,0.8232653907818483
Agglomerative (Hierarchical),0.5,0.3,3.3043709942960033,4.7016631153961175,3.880793543129273,6.290695528996581,3.5860629723473645,5.520313564132162,1.544546994593643,1.3008743361902932,1.4228617559929306,1.6209817551706414,1.5393799848747989,0.8422368116630482
Agglomerative (Hierarchical),0.5,0.4000000000000001,2.3237160854279804,1.4160551788616589,2.443924250745898,1.8456238436707098,2.3781162130193367,1.6345608402592242,1.7484443491812574,0.8070243591176016,0.6093925104455482,0.755188645109363,0.6873342990181,0.4615670836166483
Agglomerative (Hierarchical),0.5,0.5000000000000001,1.6035794774078689,0.9682553904060472,2.093615269929372,1.9093221953418684,1.8394521686448226,1.3968182824258166,1.331002416441203,0.5748213405059777,0.6038087940431857,0.9119737626895887,0.7593664604254934,0.4318709969309589
Agglomerative (Hierarchical),0.5,0.6000000000000001,1.3136075315833615,0.9319438071540423,1.7515076049730331,2.2325960011281767,1.523623377089227,1.5447064697180724,1.0757633391189014,0.48731505311267564,0.7094537635839531,1.2746710289976448,1.0138374699061938,0.45299466471111444
Agglomerative (Hierarchical),0.5,0.7000000000000002,1.2227014106336855,0.4169901758606269,0.9898216465985739,0.32607698414497,1.08250110421204,0.3569821248983294,1.190267137928611,0.3370791605227949,0.34104007097245004,0.3294300395081295,0.3297752986202995,0.2831962252687279
Agglomerative (Hierarchical),0.5,0.8000000000000003,1.0395822824048513,0.2698196010321131,1.0518981072552145,0.4583055594515806,1.0397674188859096,0.34301717952076693,1.0049704867871738,0.20725684172865932,0.2595461711870879,0.4356938721445814,0.32989798804073234,0.2062317694435447
Agglomerative (Hierarchical),1.0,0.2,0.4991434899321646,0.5244683864763461,0.47160080321285136,0.4971776924176876,0.4845256885544291,0.5095423377118378,28.285200801603207,87.74215677659319,1.0507367060875084,1.0542341934759014,1.0516312132635222,3.102051754627104
Agglomerative (Hierarchical),1.0,0.3,66.4185547881782,152.8047061757043,60.89377613639961,141.21717674971487,63.51310681044595,146.74778087376777,27.84688113119531,42.34166752126071,2.300632807549464,2.319074061582157,2.310511770613499,1.5205174080995267
Agglomerative (Hierarchical),1.0,0.4000000000000001,21.696204546496574,40.048023599287255,22.773699359727594,45.36389499272045,22.19670589124513,42.71975010088205,6.364858121298424,8.182642683611704,1.8458538917929803,1.9919422960742494,1.9245986458617566,1.2855970278788327
Agglomerative (Hierarchical),1.0,0.5000000000000001,9.057165607754564,12.742344706854087,10.061457932159561,14.910822683630899,9.591535853737176,13.909626732790775,3.213567308914777,2.899582526228685,1.4068799510460916,1.481974360392767,1.4501980647208998,0.9022940077168868
Agglomerative (Hierarchical),1.0,0.6000000000000001,4.140686236956798,8.932307576843723,3.593060101350973,6.86992771403921,3.742407431657168,7.511932221541958,1.3531576768298048,1.3877133350747355,2.1572046433077556,1.9119991094655362,2.0072459663259097,1.0255370522124871
Agglomerative (Hierarchical),1.0,0.7000000000000002,2.6678963209005424,3.033036824832624,2.5954258612144487,3.068983848017257,2.5583299769273604,2.897048660669987,1.8163256722011465,1.5833674712782497,1.136864577934134,1.182458683902156,1.13239835627046,0.8717420534828524
Agglomerative (Hierarchical),1.0,0.8000000000000003,1.611043790411065,2.1102558936639135,1.533395596562709,2.1537821731331275,1.560443762424443,2.1338431361505554,1.2211272992269333,0.9018991222029844,1.3098687361722627,1.40458351253981,1.3674591725338623,0.7385791168324182
Agglomerative (Hierarchical),1.5,0.2,0.4,0.5163977794943222,0.4,0.5163977794943222,0.4,0.5163977794943222,0.4,0.5163977794943222,1.2909944487358054,1.2909944487358054,1.2909944487358054,1.2909944487358054
Agglomerative (Hierarchical),1.5,0.3,0.2998003992015968,0.48272480939689766,0.30040080160320637,0.48369155094749,0.30010040060140264,0.48320762866872474,0.6001001001001001,0.966137884258965,1.6101539913971088,1.6101539954823052,1.610153227721037,1.6099612116342052
Agglomerative (Hierarchical),1.5,0.4000000000000001,8.327340068942773,22.42545074441909,8.265904687981617,22.19952488762931,8.296682232526202,22.312708820637045,15.032816941337206,44.71764157494696,2.692990866081706,2.6856739492661665,2.6893531890570186,2.974668137678341
Agglomerative (Hierarchical),1.5,0.5000000000000001,37.992571869599416,74.12513283030944,39.28839428162519,76.54960259081203,38.626019650613536,75.3135410830473,17.372988144157592,24.315073452029967,1.9510427744856693,1.9484024224073102,1.9498136687208727,1.3995907468691244
Agglomerative (Hierarchical),1.5,0.6000000000000001,8.149472579630451,24.38929174015413,9.290607861776072,28.011366477185977,8.73449267285634,26.248855223616374,1.4471230410808409,2.920205730306656,2.9927448067148528,3.015019780614342,3.0051951735203084,2.017938798158853
Agglomerative (Hierarchical),1.5,0.7000000000000002,12.0583581710255,11.835046410079467,13.595881988715522,13.420536552315985,12.82820964588402,12.589507137193738,4.450884370770658,5.061503932272449,0.9814807490556535,0.9871030480740365,0.9813923754538211,1.1371906144117745
Agglomerative (Hierarchical),1.5,0.8000000000000003,5.513828512648779,8.298963863857102,6.742116947559936,10.73155812895633,6.141614467625336,9.548258172135753,2.490479327849505,3.0548540301552536,1.5051182394989606,1.591719368326921,1.5546821153408543,1.2266128837106545
Agglomerative (Hierarchical),2.0,0.2,0.3,0.48304589153964794,0.3,0.48304589153964794,0.3,0.48304589153964794,0.3,0.48304589153964794,1.6101529717988265,1.6101529717988265,1.6101529717988265,1.6101529717988265
Agglomerative (Hierarchical),2.0,0.3,0.7,0.48304589153964794,0.7,0.48304589153964794,0.7,0.48304589153964794,0.7,0.48304589153964794,0.6900655593423543,0.6900655593423543,0.6900655593423543,0.6900655593423543
Agglomerative (Hierarchical),2.0,0.4000000000000001,0.1998003992015968,0.4212164886596168,0.1998,0.4212156481212708,0.1997999997999998,0.4212153839130545,99.8999001001001,315.2091185234375,2.1081864217629174,2.1081864270333877,2.10818510678024,3.1552495869124666
Agglomerative (Hierarchical),2.0,0.5000000000000001,66.86798830406964,159.93135678888584,66.90060808401725,160.64256274255158,66.88305827716363,160.28443027532418,153.69373574761354,317.61650440583725,2.3917476934049215,2.4012122960199154,2.3964877564525375,2.0665546507855574
Agglomerative (Hierarchical),2.0,0.6000000000000001,88.77849715604954,161.27724706980183,89.00314062660007,162.7179174475889,88.8871943276536,161.99104403671586,27.683032108209556,46.045982164241295,1.8166251089643737,1.8282266929236644,1.8224339879554394,1.663328712846672
Agglomerative (Hierarchical),2.0,0.7000000000000002,15.575114419587752,29.866283460446187,16.081843425959537,30.872470880384025,15.827226458570198,30.36633987551869,7.137509677435569,13.17998290175549,1.9175643052024973,1.9197097038358955,1.9186141017825513,1.846580039453049
Agglomerative (Hierarchical),2.0,0.8000000000000003,15.291316108771364,27.492609154809283,16.24204152947539,30.451169105927303,15.753563822023883,28.945334288879373,4.7847541480976465,6.767502371876954,1.797923014555892,1.8748363037162399,1.8373832496500289,1.4143887360581777
Agglomerative (Hierarchical),2.5,0.2,0.3,0.4830458915396479,0.3,0.4830458915396479,0.3,0.4830458915396479,0.3,0.4830458915396479,1.6101529717988263,1.6101529717988263,1.6101529717988263,1.6101529717988263
Agglomerative (Hierarchical),2.5,0.3,0.2,0.4216370213557839,0.2,0.4216370213557839,0.2,0.4216370213557839,0.2,0.4216370213557839,2.1081851067789192,2.1081851067789192,2.1081851067789192,2.1081851067789192
Agglomerative (Hierarchical),2.5,0.4000000000000001,0.2,0.4216370213557839,0.2,0.4216370213557839,0.2,0.4216370213557839,0.2,0.4216370213557839,2.1081851067789192,2.1081851067789192,2.1081851067789192,2.1081851067789192
Agglomerative (Hierarchical),2.5,0.5000000000000001,0.1998003992015968,0.4212164886596168,0.20020040080160317,0.42205976765658393,0.200000200200601,0.42163744341597337,0.3,0.48304589153964794,2.1081864217629174,2.1081864270333877,2.10818510678024,1.6101529717988265
Agglomerative (Hierarchical),2.5,0.6000000000000001,0.7376735737323996,0.6396116869260169,0.7381097165991903,0.6409088476270359,0.7378925113110734,0.6402571487906655,100.32083333535755,314.35904215125277,0.8670660163272218,0.8683110833169853,0.867683489093918,3.1335369902719754
Agglomerative (Hierarchical),2.5,0.7000000000000002,17.14788845766164,35.10332240155754,16.89983239430707,34.57785388709547,17.023333732830242,34.839225224199446,29.37280471605282,59.2572180273579,2.0470929985477864,2.046047148890274,2.0465571415668413,2.0174177645001214
Agglomerative (Hierarchical),2.5,0.8000000000000003,32.17205274609293,70.82670845170922,33.341899418420965,75.58536632508091,32.745399578764804,73.19951749698802,10.878183461519484,16.126741242022515,2.2014979588242354,2.2669784158523667,2.2354137814356516,1.4824847640297016
Agglomerative (Hierarchical),3.0,0.2,0.2,0.4216370213557839,0.2,0.4216370213557839,0.2,0.4216370213557839,0.2,0.4216370213557839,2.1081851067789192,2.1081851067789192,2.1081851067789192,2.1081851067789192
Agglomerative (Hierarchical),3.0,0.3,0.4,0.5163977794943222,0.4,0.5163977794943222,0.4,0.5163977794943222,0.4,0.5163977794943222,1.2909944487358054,1.2909944487358054,1.2909944487358054,1.2909944487358054
Agglomerative (Hierarchical),3.0,0.4000000000000001,0.3,0.48304589153964794,0.3,0.48304589153964794,0.3,0.48304589153964794,0.3,0.48304589153964794,1.6101529717988265,1.6101529717988265,1.6101529717988265,1.6101529717988265
Agglomerative (Hierarchical),3.0,0.5000000000000001,0.2,0.42163702135578396,0.2,0.42163702135578396,0.2,0.42163702135578396,0.2,0.42163702135578396,2.1081851067789197,2.1081851067789197,2.1081851067789197,2.1081851067789197
Agglomerative (Hierarchical),3.0,0.6000000000000001,50.30019960079841,158.36031321191504,50.1002,157.72785972596387,50.2000997000997,158.04376992360676,100.1001,315.84150381707803,3.148303872921439,3.1482481053162235,3.148276016736534,3.155256626287866
Agglomerative (Hierarchical),3.0,0.7000000000000002,41.53373534377029,89.13957183549887,41.233533333333334,88.47236547223008,41.38252220125766,88.80311434981304,42.85014423106893,105.62034532258632,2.146196846917335,2.1456411401132267,2.145908698313082,2.464877241790127
Agglomerative (Hierarchical),3.0,0.8000000000000003,67.67810291563345,154.25025779709847,67.97005090253488,156.292007302411,67.82142110789503,155.26607292756825,41.49336268566481,66.62871538847318,2.279175259823471,2.2994246028522873,2.289336766927372,1.6057680331483997
DBSCAN (Density),0.0,0.2,1.133888888888889,0.4402425795020108,85.1984126984127,35.85927360041483,29.155396825396828,12.241640819197814,1.0006470580779707,0.007219080020383384,0.3882590118097106,0.4208913342945756,0.4198756371765211,0.007214411876900628
DBSCAN (Density),0.0,0.3,0.9009957241337047,0.2532589399528104,69.37932844932844,22.44822492411196,23.76871367953968,7.584782034949172,0.9968562865654189,0.007080396785845368,0.2810878377878158,0.32355782948385176,0.3191078043688254,0.007102725720113835
DBSCAN (Density),0.0,0.4000000000000001,1.0691384243133135,0.1880668397262957,71.7725468975469,22.490442151080796,24.677464279082184,7.586902814606926,1.001634617680765,0.006757784912718993,0.17590504227465897,0.3133571696039324,0.3074425609051718,0.006746756545182421
DBSCAN (Density),0.0,0.5000000000000001,1.0516893993778416,0.23086584567588297,77.93511904761905,20.21590879470155,26.724761232113245,6.769880087741236,1.0012427655421057,0.007876314386758674,0.21951903842756101,0.25939408371660344,0.25331863693533596,0.007866538124242206
DBSCAN (Density),0.0,0.6000000000000001,1.2535441922678103,0.6009034263740272,94.97553113553114,63.469044087060176,32.60010721451346,21.676495180584826,1.0010826713624028,0.009610026026487773,0.47936357575628946,0.668267324522662,0.6649209782639771,0.00959963277898838
DBSCAN (Density),0.0,0.7000000000000002,1.2010080634050484,0.2453182056907427,85.74238095238096,19.94999751520383,29.419783709983886,6.78406602007519,1.0036355678159627,0.004936538238727593,0.2042602486741235,0.2326737057404964,0.23059537374412958,0.004918656130800667
DBSCAN (Density),0.0,0.8000000000000003,0.9346368235220124,0.2772816816880917,70.38142857142857,36.264528974307595,24.14250754022212,12.300359444314324,0.9972472556432306,0.007346232662083097,0.29667318332612347,0.5152570743502815,0.5094897215552928,0.007366510783070275
DBSCAN (Density),0.5,0.2,0.8698726971107871,0.21653437056447267,246.45,147.06526329037277,82.97280529939732,49.16834769253895,0.9974178910435235,0.010052831159955793,0.24892650531931207,0.5967346856984085,0.5925838895662371,0.010078855863953143
DBSCAN (Density),0.5,0.3,1.154941963337816,0.45492574784890927,150.73035714285714,66.75334477907741,51.036697274845515,22.421134354675086,1.000023642995489,0.006197893524992868,0.3938948988693428,0.4428659630641679,0.4393139750781993,0.006197746991688702
DBSCAN (Density),0.5,0.4000000000000001,1.0894617785899192,0.24171509015942266,86.01878787878789,25.663038028752908,29.42838515590689,8.664885649494316,0.9994355370016643,0.006927212806446049,0.22186651694405687,0.2983422419868971,0.294439725577504,0.006931125170141427
DBSCAN (Density),0.5,0.5000000000000001,1.0239551250878045,0.2168925658376261,97.26666666666667,33.86922927020962,33.15972558974809,11.323610080338701,1.0014125196026824,0.0054233275226344795,0.21181842887795252,0.3482100336210722,0.3414868452300942,0.0054156777716202545
DBSCAN (Density),0.5,0.6000000000000001,1.1306547619047618,0.19811669388346276,86.74285714285715,33.22403812751566,29.677407248039778,11.174302027043352,1.002222072002025,0.004372541309876553,0.17522297748050406,0.383017567346195,0.37652554799177834,0.004362846750263666
DBSCAN (Density),0.5,0.7000000000000002,0.9463804206836969,0.28192996576946683,79.89992784992785,61.46164815429054,27.322656583978254,20.74774473651995,0.9956544171812449,0.006762761605987491,0.2979034219302542,0.7692328367270991,0.7593604477203814,0.0067922780126193376
DBSCAN (Density),0.5,0.8000000000000003,1.1234357900614182,0.2308646288199519,84.83888888888889,35.39144970093987,29.10581976960238,11.985843858556171,1.002011650755582,0.0036598646370659804,0.20549873064603943,0.41716069322042937,0.41180231147703256,0.0036525170483858184
DBSCAN (Density),1.0,0.2,0.3525710983255003,0.24338191495697056,0.6766,0.46707605852199746,0.4635173235034931,0.3199525219318435,0.6592035139492778,0.24612690647987776,0.6903059159213208,0.6903281976381872,0.6902709040375969,0.37337013725144663
DBSCAN (Density),1.0,0.3,0.3751736988289776,0.42839229789571853,165.21666666666664,201.8559878101584,55.62913672936876,67.9381304505037,0.999787238100879,0.012228732022405075,1.141850559441803,1.2217652848390503,1.221268825022707,0.012231334384337472
DBSCAN (Density),1.0,0.4000000000000001,0.8279471760557973,0.6565680068674287,228.94166666666666,158.7685346913068,77.1299430515891,53.50109760859473,1.0062270136259799,0.012323433785215209,0.7930071215354698,0.693489031520286,0.6936488669881425,0.012247170487708549
DBSCAN (Density),1.0,0.5000000000000001,0.9419053601340034,0.4389497351719116,195.73333333333332,131.89465610342967,65.8999591230026,44.15153374616601,1.0012172399437593,0.0048281503960781276,0.4660231842288942,0.6738487198744704,0.6699781659007853,0.004822280523604783
DBSCAN (Density),1.0,0.6000000000000001,0.804822271147825,0.3949608601273095,103.31904761904761,71.3564284707537,35.015697945468766,24.037807121044214,0.9982289271354023,0.00671834220564026,0.4907429556640157,0.6906415623753642,0.686486591199158,0.006730261990022421
DBSCAN (Density),1.0,0.7000000000000002,1.1592180006336175,0.5512877419125093,164.44583333333333,176.89235240755258,55.680637298357304,59.38122449465583,0.9970526033337187,0.008638076655818571,0.4755686519801976,1.0756876524137284,1.0664609346417755,0.00866361175622683
DBSCAN (Density),1.0,0.8000000000000003,0.9952466177039041,0.2099046275428849,111.56948717948717,55.68812596056919,37.894969899665554,18.61620013706015,0.997824681375247,0.005513835424147583,0.2109071498551263,0.49913401386331585,0.4912578156507376,0.005525855921451218
DBSCAN (Density),1.5,0.2,0.5182492772622441,0.023318540677665513,0.908,0.046885202593379305,0.6596474686476614,0.028745442215414203,0.5316,0.040357293158871654,0.04499483491969422,0.05163568567552787,0.04357697646342073,0.07591665379772697
DBSCAN (Density),1.5,0.3,0.1511928846148427,0.24346006458983643,0.2924,0.4708316991122082,0.19932051750494523,0.3209549968230094,0.8627,0.24532520366965063,1.6102613903428085,1.610231529111519,1.610245652784071,0.28436907809163164
DBSCAN (Density),1.5,0.4000000000000001,0.3506060619673071,0.47491340890865724,198.15,228.08454207449776,66.81509814491469,76.84361977229078,1.0015987832525035,0.010222105386297208,1.3545499077906458,1.1510701088796254,1.1500936450864043,0.010205788542496872
DBSCAN (Density),1.5,0.5000000000000001,0.7941089876396095,0.5907110697786356,339.96666666666664,215.74593253965975,114.57522245814127,72.60934918982855,1.0069940023470938,0.007961101677058545,0.7438664956235429,0.6346090769869392,0.6337264517758675,0.007905808434313284
DBSCAN (Density),1.5,0.6000000000000001,0.9195235577012284,0.7602434279434336,233.33333333333334,207.12613202563608,78.55555723563673,69.55940691626117,1.0054129044189648,0.0085667014163813,0.8267797182314842,0.8876834229670117,0.8854804085675245,0.008520580329463802
DBSCAN (Density),1.5,0.7000000000000002,0.8612897822445561,0.6500516639562668,178.08333333333331,147.07332617305198,59.96281308063917,49.42047460801562,1.0004355959324283,0.008264278606768016,0.754742105801146,0.8258679990999644,0.8241853920621434,0.008260680288035458
DBSCAN (Density),1.5,0.8000000000000003,0.9623372816463268,0.3284091854864868,185.3761904761905,131.9316596264573,62.56775203057812,44.09264751457168,1.0034067789239633,0.005485217210342524,0.3412620416457917,0.7116968974686232,0.704718422567311,0.005466593734023583
DBSCAN (Density),2.0,0.2,0.5336883600552962,0.05304348113106183,0.8288,0.11503506711723455,0.648259639460696,0.07120327330962656,0.553,0.08482793041078969,0.0993903654289292,0.13879713696577528,0.10983758508992232,0.15339589586037916
DBSCAN (Density),2.0,0.3,0.5007858217416414,0.020555325430553533,0.8880000000000001,0.05069297562560104,0.640298820453532,0.029093024414906583,0.5017,0.036074152026685874,0.04104614096115156,0.05708668426306422,0.04543663596678128,0.07190383102787697
DBSCAN (Density),2.0,0.4000000000000001,0.4019764138683124,0.2119148248367879,24.73,75.81492671558082,8.699375378260184,25.881073334379998,0.6577176242338916,0.24531363763409372,0.5271822363841756,3.065706700993968,2.975049610924599,0.3729771388136887
DBSCAN (Density),2.0,0.5000000000000001,0.1498448810754912,0.47385111991561335,48.3,152.73801098613274,16.560940695296527,52.37029279210959,1.0076028056112225,0.016488244386927302,3.162277660168379,3.16227766016838,3.162277660168379,0.01636383334296629
DBSCAN (Density),2.0,0.6000000000000001,0.6403061285843593,0.6088653911104499,230.75,204.36911731255069,77.82921119851767,68.8190721628238,1.0072123928393952,0.019918826458504294,0.9508973347741945,0.8856733144639249,0.8842319111687789,0.019776192787254995
DBSCAN (Density),2.0,0.7000000000000002,0.5505521051839993,0.4544695365045199,190.81666666666666,157.03592122681852,64.1732791126565,52.60727034511114,1.0004092040466837,0.01018874281665808,0.825479608969313,0.8229675319773877,0.8197690857086922,0.01018457524725315
DBSCAN (Density),2.0,0.8000000000000003,1.168123244621901,0.45982283318540024,360.7,182.7962131871324,121.39791369002262,61.28955433153772,1.003607548362953,0.008478827585112382,0.3936423962988906,0.5067818497009493,0.5048649722929708,0.008448349754784854
DBSCAN (Density),2.5,0.2,0.5556609997847005,0.07854588989202832,0.72,0.20418074781373924,0.6244027483162101,0.12673832706979754,0.5833999999999999,0.11351671438358511,0.14135577253480475,0.2835843719635267,0.20297528704280254,0.19457784433250794
DBSCAN (Density),2.5,0.3,0.5239526299601772,0.03240833125206805,0.897,0.08491171886141512,0.6610489787282329,0.0467288301288937,0.5418000000000001,0.05482051521911198,0.0618535520177296,0.09466189393691764,0.07068890752814341,0.10118219863254332
DBSCAN (Density),2.5,0.4000000000000001,0.5008353813893056,0.013628684974348595,0.9284000000000001,0.028012695534544864,0.6505918018845871,0.016915639575214473,0.5014000000000001,0.025025320510768032,0.027211905310169867,0.03017308868434388,0.026000388455886588,0.0499108905280575
DBSCAN (Density),2.5,0.5000000000000001,0.40098145504264354,0.21136938148524767,0.7726,0.4073623012067322,0.5279215641669981,0.278292561720499,0.6009487487487488,0.20842319774652826,0.5271300675557901,0.5272615858228479,0.5271475548827295,0.3468235821781669
DBSCAN (Density),2.5,0.6000000000000001,0.2282581375678414,0.3874080175233555,74.55,168.0622321906052,25.4003712360818,57.2151952284626,0.9479023952095809,0.1535530387826291,1.69723639056773,2.2543558979289764,2.2525338191587974,0.16199245782966779
DBSCAN (Density),2.5,0.7000000000000002,0.30182010725604125,0.4856177204352151,174.0,235.65275772250624,58.685063592538995,79.5211145000086,1.007398433565049,0.012825964465676286,1.608964110609284,1.354326193807507,1.3550486210961288,0.012731769316224668
DBSCAN (Density),2.5,0.8000000000000003,0.5500193837465384,0.4804441217339923,273.75,217.8086889910501,91.99281192147961,73.1091484593246,1.0023911999647999,0.014179893690562844,0.8735039817349275,0.7956481789627401,0.794726750191383,0.014146067614181756
DBSCAN (Density),3.0,0.2,0.6036178259491879,0.08570219256944472,0.7706,0.25351581147271,0.6704102407890788,0.15549853628200858,0.6481,0.12450118250219329,0.14198088407127174,0.3289849616827278,0.231945347521818,0.19210180913777702
DBSCAN (Density),3.0,0.3,0.520935608396988,0.050360188916770604,0.7836000000000001,0.11962088260648956,0.6246748846568967,0.07067764102560956,0.5331,0.07869554554667554,0.0966725793073311,0.1526555418663726,0.11314308092349402,0.14761873109487064
DBSCAN (Density),3.0,0.4000000000000001,0.493062389417681,0.02301262444232835,0.8262,0.06176262803850092,0.6172752468013397,0.03339754355323658,0.4888,0.038599942429433154,0.04667284493044954,0.0747550569335523,0.054104783443527676,0.07896878565759646
DBSCAN (Density),3.0,0.5000000000000001,0.4980733912207042,0.009087533079107191,0.9339999999999999,0.027696770770454647,0.6496262861154127,0.013799414059670664,0.4963517517517517,0.016732424501109854,0.01824536953647532,0.029653930161086348,0.021242080800312715,0.03371081988137821
DBSCAN (Density),3.0,0.6000000000000001,0.25179242578727007,0.2654262017033453,48.8844,153.23614648073956,16.749552862431745,52.03730312262284,0.8074096112384449,0.2571040795302551,1.05414688656121,3.134663542576764,3.1067875990492513,0.31843078897202637
DBSCAN (Density),3.0,0.7000000000000002,0.2003570324523883,0.2587227329491537,194.8,251.5661167786932,66.2880229317793,85.59954175622042,1.0044028104112417,0.027206835306967186,1.2913084695973178,1.2914071703218337,1.291327421913242,0.027087573854784067
DBSCAN (Density),3.0,0.8000000000000003,0.5018923861963891,0.6694904987273643,246.8,260.16396539276707,83.48546312995366,88.00237250776642,1.0042068248851308,0.010187843608113773,1.333932367058054,1.054148968366155,1.054104142307766,0.010145164676887294
GMM (Probabilistic),0.0,0.2,1.0026166315536849,0.059818458794568666,1.0169757793767815,0.1359642683610406,1.0081234079315595,0.08868143876505727,1.0000140106144424,0.06398196129621532,0.059662344421588326,0.13369469668624911,0.08796684817289528,0.06398106488218364
GMM (Probabilistic),0.0,0.3,1.0145202983811408,0.04269492354875673,1.0211523133417948,0.19435435292618106,1.014724046057581,0.09381561511743032,1.0166092297755882,0.043753924239011144,0.04208385343978289,0.19032846558427938,0.0924543135465489,0.04303907829822637
GMM (Probabilistic),0.0,0.4000000000000001,1.0111078888173308,0.025696939481315968,1.0127548447067742,0.14002894896306614,1.009668839547194,0.0821518943248086,1.0124772373895292,0.02492996685588704,0.02541463652446929,0.13826539531747103,0.08136518738327236,0.02462274304572416
GMM (Probabilistic),0.0,0.5000000000000001,1.0155973417598747,0.027773793039483803,1.04603783583887,0.1396281192399308,1.0284719164192144,0.0787092058488278,1.0169854717934053,0.026066820132823534,0.027347248656003836,0.1334828573652463,0.07653024316197782,0.025631457730517962
GMM (Probabilistic),0.0,0.6000000000000001,0.9848225893710097,0.04992940004438185,1.0337083867980277,0.15822061381335803,1.007162604980782,0.08938223548768708,0.9843787823035456,0.04993174041344007,0.05069887773012086,0.15306116873391698,0.08874657880034437,0.05072411282229668
GMM (Probabilistic),0.0,0.7000000000000002,1.0003049701064899,0.028618910744631118,0.9684866589575607,0.10186855135245546,0.9831140120787374,0.04937339749530604,1.000770092500909,0.026282223861186664,0.028610185493314528,0.10518322623266962,0.050221436057969374,0.02626199969216485
GMM (Probabilistic),0.0,0.8000000000000003,0.9862538025293828,0.03276720463371563,0.9417758718912301,0.058464787975001285,0.963771081541881,0.041406803005733364,0.9847332557976707,0.033352439787537366,0.033223907020362965,0.0620793011585602,0.04296331753333898,0.03386951704045035
GMM (Probabilistic),0.5,0.2,0.5203698573209524,0.0479456891183917,0.5070183018038249,0.0695758623045371,0.5129461805177806,0.05695068398588229,0.5199112478009641,0.047812272421684544,0.09213771405829119,0.13722554404250548,0.11102662647452576,0.0919623736241774
GMM (Probabilistic),0.5,0.3,1.050342558106445,1.0585457677628183,1.0060391560167015,0.9979571638058391,1.0233111180295842,1.0159493572065923,1.1799268525573205,1.316707061921387,1.0078100326346502,0.991966523208836,0.992805940741495,1.1159226176331314
GMM (Probabilistic),0.5,0.4000000000000001,0.820284409737779,0.6404987277178628,0.8034326202648664,0.5768784420107608,0.80919708913418,0.6050336337067068,0.8104572215703806,0.581326163007063,0.7808251871111527,0.7180172020157486,0.7476962557466404,0.7172817362039883
GMM (Probabilistic),0.5,0.5000000000000001,0.8072001824769975,0.5242229556386773,0.8940418418604177,0.7020595589235135,0.8483961038937217,0.6129920211159279,0.7583553353781961,0.36784629860413115,0.6494336436223686,0.7852647673207251,0.7225304528186721,0.4850579687959657
GMM (Probabilistic),0.5,0.6000000000000001,0.9065812569770157,0.41608011706219716,0.967872599131864,0.46339757113515123,0.9345574021687616,0.43443587171675496,0.9090250032727537,0.4078428039817783,0.4589551282469828,0.4787795124593846,0.46485734392407596,0.44865961058653603
GMM (Probabilistic),0.5,0.7000000000000002,0.8536433024904138,0.08484281941151675,0.9094936308131155,0.12293363014596968,0.8801066821633985,0.08608135735539743,0.8632019049540991,0.08363107540799923,0.09938907640228281,0.13516711495391476,0.09780786704607224,0.0968847206291167
GMM (Probabilistic),0.5,0.8000000000000003,0.8828237077756562,0.21476166857004544,0.894176339099026,0.30807453476936314,0.8875309414723083,0.25991957733485627,0.8876402012139597,0.22108075197903607,0.24326676626203703,0.3445344293942956,0.2928569193358832,0.24906572694283147
GMM (Probabilistic),1.0,0.2,0.669560484294497,0.23876404590059724,0.6412765531062125,0.25705798656926965,0.6545294226730257,0.24811518166478105,0.668045945945946,0.23806164839727295,0.35659817372911173,0.40085355580854054,0.37907414559227315,0.35635520257544584
GMM (Probabilistic),1.0,0.3,0.6916648996423664,0.2201041263405431,0.7061532121814047,0.21815670750599814,0.698121742358423,0.21868673190033094,0.6941156554834556,0.21874291451981517,0.31822364624018157,0.30893679125537354,0.31325013766446325,0.31513900139229606
GMM (Probabilistic),1.0,0.4000000000000001,0.9365274194646614,0.14077373696844658,0.9355669232998508,0.13228857589969722,0.9360221022338046,0.13657618027283425,0.9348799165884447,0.13943041905952466,0.1503145920158064,0.1413993725142616,0.1459112770381137,0.14914259744538408
GMM (Probabilistic),1.0,0.5000000000000001,0.8744154325283475,0.2998503577831157,0.8634545383214707,0.28621519053959177,0.8688411014819231,0.29266837205618884,0.8653802661420797,0.30195450113439304,0.34291521698800176,0.33147685006785116,0.3368491333536182,0.3489269549449347
GMM (Probabilistic),1.0,0.6000000000000001,1.5936101250761232,2.2209843239226914,1.5943111538389134,2.1998938730520354,1.5939779658112148,2.2104701123961488,1.675045289591634,2.4643091657835163,1.3936811074268243,1.3798397306290873,1.3867632801756993,1.4711895738558212
GMM (Probabilistic),1.0,0.7000000000000002,2.0185807374361127,2.216552285682745,2.0582163961498177,2.34153722558941,2.0384452610175745,2.278570389083881,1.913075619355271,1.949715151794282,1.098074624697987,1.1376535674137975,1.1177981732737028,1.0191521610898784
GMM (Probabilistic),1.0,0.8000000000000003,0.9459689562952484,0.23885294372109353,0.9299994161995034,0.22226860480370564,0.937003251441433,0.2295520473767269,0.9596701596447861,0.26994823563355946,0.25249554135108915,0.23899864981853342,0.24498532638344314,0.2812927263816128
GMM (Probabilistic),1.5,0.2,1.0,0.0,1.0,0.0,1.0,0.0,1.0,0.0,0.0,0.0,0.0,0.0
GMM (Probabilistic),1.5,0.3,1.0,0.0,1.0,0.0,1.0,0.0,1.0,0.0,0.0,0.0,0.0,0.0
GMM (Probabilistic),1.5,0.4000000000000001,0.9990011768230629,0.0010511630160189005,0.9999995959693907,0.0009475481153918873,0.9994996912585858,0.0005282360213848863,0.9994979905527552,0.0005291659098177385,0.0010522139917409489,0.0009475484982304844,0.000528500434772244,0.000529431689527552
GMM (Probabilistic),1.5,0.5000000000000001,0.9982122717482287,0.003348262662087309,1.0004040404040404,0.0008517919623349283,0.9993058671344359,0.0017761559465529271,0.9992873566374009,0.0017972622608994255,0.0033542591659620623,0.0008514479429640338,0.0017773896911524709,0.001798543981330063
GMM (Probabilistic),1.5,0.6000000000000001,4.411089193006262,10.796457266427451,4.647199970732179,11.529784263821659,4.527303034228365,11.157339446879288,3.1800131287494775,6.897107185958682,2.4475717434018622,2.4810174592089074,2.46445607076111,2.1688926764497136
GMM (Probabilistic),1.5,0.7000000000000002,0.999264624722571,0.010650727577823453,0.9949604456729263,0.009884275033293354,0.997092559187869,0.003886100599692811,0.9972360938281012,0.004049521564473793,0.010658565623475811,0.009934339677803248,0.003897432152996946,0.0040607450828708475
GMM (Probabilistic),1.5,0.8000000000000003,0.9922711320224409,0.010895939284273905,0.9941220144049014,0.013435976828554066,0.9930925490781369,0.003314689117739347,0.9929074306072264,0.003126518449529935,0.010980808503484193,0.013515420274237739,0.0033377444235346346,0.0031488519001392394
GMM (Probabilistic),2.0,0.2,1.0,0.0,1.0,0.0,1.0,0.0,1.0,0.0,0.0,0.0,0.0,0.0
GMM (Probabilistic),2.0,0.3,1.0,0.0,1.0,0.0,1.0,0.0,1.0,0.0,0.0,0.0,0.0,0.0
GMM (Probabilistic),2.0,0.4000000000000001,1.0,0.0,1.0,0.0,1.0,0.0,1.0,0.0,0.0,0.0,0.0,0.0
GMM (Probabilistic),2.0,0.5000000000000001,1.0001991959791068,0.0006341519727883839,0.9997999999999999,0.0011384387973736182,0.9999994980916661,0.0006695135837129028,0.9999998990950774,0.0006681712375027841,0.0006340256774227909,0.0011386665306797542,0.0006695139197475188,0.0006681713049245579
GMM (Probabilistic),2.0,0.6000000000000001,1.0010004188969035,0.0016890529104473969,0.9995975805959105,0.0012754165774617702,1.0002975756680703,0.000824343767651564,1.0003047715671394,0.0008340774658582436,0.0016873648387767141,0.0012759300364667049,0.0008240985359791643,0.0008338233402121298
GMM (Probabilistic),2.0,0.7000000000000002,0.999760718507896,0.0032234155878650065,0.9983661438590058,0.0035832465797336305,0.9990620133193187,0.002711464990490577,0.9990823700522773,0.0027134736216850555,0.0032241870761594124,0.0035891106702429145,0.0027140106963750034,0.0027159658733073955
GMM (Probabilistic),2.0,0.8000000000000003,0.9971722420127405,0.008918216567228075,0.9979225610060432,0.004632371761846435,0.9975261479565614,0.0038910268174973933,0.9974998117453726,0.004095486577227347,0.008943506639562206,0.004642015265369255,0.0039006765140625,0.004105751729477804
GMM (Probabilistic),2.5,0.2,1.0,0.0,1.0,0.0,1.0,0.0,1.0,0.0,0.0,0.0,0.0,0.0
GMM (Probabilistic),2.5,0.3,1.0,0.0,1.0,0.0,1.0,0.0,1.0,0.0,0.0,0.0,0.0,0.0
GMM (Probabilistic),2.5,0.4000000000000001,1.0,0.0,1.0,0.0,1.0,0.0,1.0,0.0,0.0,0.0,0.0,0.0
GMM (Probabilistic),2.5,0.5000000000000001,1.0,0.0,1.0,0.0,1.0,0.0,1.0,0.0,0.0,0.0,0.0,0.0
GMM (Probabilistic),2.5,0.6000000000000001,0.999802384893856,0.0014683068327263709,0.9997995975887518,0.0011375719705253335,0.999799994989307,0.0009189512416145988,0.9998000006024078,0.0009203905331868145,0.0014685970496882278,0.0011377999883865242,0.0009191350732347494,0.0009205746475617655
GMM (Probabilistic),2.5,0.7000000000000002,1.0002015970554798,0.0006290747122089008,1.0000028365080755,0.0016423482220402018,1.000101824810134,0.0007452207916335245,1.0001017146178586,0.0007413981771673392,0.0006289479181605495,0.0016423435635194211,0.0007451449173937884,0.0007413227738046918
GMM (Probabilistic),2.5,0.8000000000000003,1.000383641457828,0.0022651358515194757,0.998573388662825,0.0016751276040466287,0.999474220211423,0.0010901589562299907,0.9994913527904601,0.001097103866338472,0.002264267184755804,0.001677520774201451,0.0010907324413023728,0.0010976621891479997
GMM (Probabilistic),3.0,0.2,1.0,0.0,1.0,0.0,1.0,0.0,1.0,0.0,0.0,0.0,0.0,0.0
GMM (Probabilistic),3.0,0.3,1.0,0.0,1.0,0.0,1.0,0.0,1.0,0.0,0.0,0.0,0.0,0.0
GMM (Probabilistic),3.0,0.4000000000000001,1.0,0.0,1.0,0.0,1.0,0.0,1.0,0.0,0.0,0.0,0.0,0.0
GMM (Probabilistic),3.0,0.5000000000000001,1.0,0.0,1.0,0.0,1.0,0.0,1.0,0.0,0.0,0.0,0.0,0.0
GMM (Probabilistic),3.0,0.6000000000000001,1.0002,0.0006324555320336617,0.9997999999999999,0.0006324555320336803,0.9999998998998999,0.0004716405062008646,1.0000001001001002,0.00047164050620095036,0.0006323290662204177,0.000632582048443369,0.0004716405534121312,0.00047164045898969315
GMM (Probabilistic),3.0,0.7000000000000002,1.0000007976127523,0.0009399910455649696,1.0002004008016032,0.000633722977989613,1.0001004002018008,0.0005675710441092941,1.000100300701503,0.0005685678656790346,0.0009399902958167226,0.00063359600484235,0.0005675140655825848,0.0005685108436426051
GMM (Probabilistic),3.0,0.8000000000000003,0.9998003928964325,0.0014692254147248855,0.9997999999999999,0.0006324555320336776,0.9997999990059633,0.0007874097668402502,0.9998002044407126,0.0007922680678843948,0.0014695187411044356,0.0006325820484433663,0.0007875672810793369,0.0007924263911584104
K-Means (Exclusive),0.0,0.2,0.9970183447971687,0.06460329848315932,0.9984297809616415,0.10656496712057824,0.9971328948535962,0.08169630823313381,0.9963681680496043,0.0665304026304624,0.06479649930242967,0.10673256061927539,0.08193121363740472,0.0667729106206755
K-Means (Exclusive),0.0,0.3,1.0088817516465056,0.04318260181440937,1.0041061437344936,0.08700620899712481,1.0057096756621642,0.05185415348368801,1.0098004687024464,0.04305337737540059,0.042802441162143046,0.08665040995917962,0.051559763954291266,0.042635529205806835
K-Means (Exclusive),0.0,0.4000000000000001,1.0187995874844393,0.03638169396278851,1.020543558023122,0.08495006608393388,1.0190993884404445,0.05778406477460087,1.019527477425465,0.03656756999225072,0.03571035403795173,0.08324001990516627,0.05670110828250952,0.035867174550892944
K-Means (Exclusive),0.0,0.5000000000000001,1.0200344058848505,0.025912258871758756,1.0319649574265841,0.07601860081488317,1.0252406439272133,0.04308369184828789,1.0208485280788246,0.026258895600276718,0.02540331847853761,0.07366393622943468,0.04202300416344654,0.025722616899584872
K-Means (Exclusive),0.0,0.6000000000000001,0.9981435563270692,0.03688358531840051,1.0223867365201351,0.07727682170330723,1.0095499213480887,0.04576178205557414,0.9982450970346267,0.038186523549560154,0.03695218496838604,0.07558472634957282,0.04532889467661665,0.03825365500215981
K-Means (Exclusive),0.0,0.7000000000000002,1.004115130707865,0.04132903486868708,0.9908268749920465,0.06998837211176122,0.9969216681539249,0.043210383382471636,1.0047437557874292,0.040211994046219855,0.04115965749819107,0.07063632797840998,0.04334381001316539,0.04002213879369198
K-Means (Exclusive),0.0,0.8000000000000003,0.9834625548972316,0.023868602999540734,0.9694354020087583,0.04223226442520685,0.9764948823118245,0.03183060786818206,0.9830287270107675,0.024492199050766456,0.02426996623377788,0.04356377365392037,0.032596799476126266,0.024915038978813264
K-Means (Exclusive),0.5,0.2,0.5158415155543967,0.021016376978420268,0.5056348511637236,0.03660866544315321,0.5104806577485147,0.027654656432409306,0.5153333312610336,0.022116458365959393,0.04074192624033581,0.07240138878658779,0.05417375959822009,0.042916801658918244
K-Means (Exclusive),0.5,0.3,1.1280549886009488,1.1866504189563896,1.0832043129533773,1.0876930697825438,1.1036701910522806,1.1317873833613317,1.2192918871336231,1.3695507519060113,1.0519437713121704,1.0041439613704342,1.0254760820188893,1.123234531745819
K-Means (Exclusive),0.5,0.4000000000000001,0.8111892390116401,0.6294061768649323,0.8045312234131252,0.5998181189626979,0.8072206283335234,0.6139047573165448,0.808100737184882,0.6047486516274861,0.7759054812312428,0.7455498326317814,0.7605166862297958,0.7483580001847322
K-Means (Exclusive),0.5,0.5000000000000001,0.7928895522265578,0.4468132719047013,0.8323317048336121,0.5248683704327559,0.8121600060930065,0.4858261887515709,0.7695022829230369,0.37247085983356193,0.5635252358288488,0.6305999968338105,0.5981902397394526,0.4840412668026032
K-Means (Exclusive),0.5,0.6000000000000001,0.9059762878709158,0.40535472185836163,0.9414229287715198,0.43237416943335044,0.9228809350694961,0.4169097720530683,0.9081142490556695,0.40340294325317955,0.4474231028838107,0.4592772878365768,0.4517481683828191,0.4442204752019589
K-Means (Exclusive),0.5,0.7000000000000002,0.8666624121141835,0.07810614373237589,0.8997226731162767,0.08172182639391098,0.8828637458612706,0.07534632861716216,0.8724435941087089,0.07818042486596129,0.09012291595967513,0.09083001777743303,0.0853430996236669,0.08961086469530521
K-Means (Exclusive),0.5,0.8000000000000003,0.8713952986160491,0.2200314422309074,0.8884900056221732,0.2609640103831796,0.879960657241603,0.23917447228770314,0.8749096010297148,0.22614556496687863,0.252504738756752,0.2937163150197027,0.2718013246608537,0.2584787784940515
K-Means (Exclusive),1.0,0.2,0.6419983766482632,0.20242051457627702,0.6208,0.20830362454839815,0.6310200421779962,0.2051585467992255,0.6388,0.20198998875081797,0.31529754893317863,0.33554063232667225,0.3251220770914198,0.3162022366168096
K-Means (Exclusive),1.0,0.3,0.6927366384768983,0.21554891980499152,0.6995218072200443,0.2136280892166156,0.6959267524252752,0.21445026238854875,0.6936270444192735,0.21528433085082122,0.31115565112726423,0.30539160754057226,0.30815062309531666,0.3103747649157251
K-Means (Exclusive),1.0,0.4000000000000001,0.925384438614616,0.14332979220950173,0.9245918987157212,0.1336543878010723,0.9249517905360947,0.13842800653126072,0.9239494996649231,0.14095478667446198,0.15488675433539748,0.14455500636196492,0.14965969896769318,0.15255680827315804
K-Means (Exclusive),1.0,0.5000000000000001,0.8595037990595046,0.28110811007456643,0.8495813042770314,0.27115025019028566,0.8544098413021064,0.2757272167320188,0.8527208012199414,0.28106852045363906,0.3270586009999764,0.31915750596822107,0.32271072195495204,0.3296137728216898
K-Means (Exclusive),1.0,0.6000000000000001,1.565445944030024,2.1677470781165438,1.554926378940365,2.1032881404461254,1.5601540407378376,2.1353901260694395,1.621655931096127,2.3373095589855795,1.3847473216072725,1.3526609162547312,1.3687046729434216,1.4413104001696095
K-Means (Exclusive),1.0,0.7000000000000002,1.9223998744500672,2.002174693055912,1.913153892104091,2.0002068077278627,1.9177153608558375,2.0011645630718657,1.8976454910815796,1.9351135042910048,1.041497515509704,1.0455023069409386,1.043514905245785,1.0197444746057758
K-Means (Exclusive),1.0,0.8000000000000003,0.9531311604744449,0.2517381427369924,0.9388324184540379,0.2373513781991768,0.9456598807246319,0.24403884288180988,0.9575665344218578,0.27066648949846656,0.26411700002724015,0.25281549031936923,0.258061960601321,0.2826607653554692
K-Means (Exclusive),1.5,0.2,1.0,0.0,1.0,0.0,1.0,0.0,1.0,0.0,0.0,0.0,0.0,0.0
K-Means (Exclusive),1.5,0.3,0.9997999999999999,0.0006324555320336744,0.9997999999999999,0.0006324555320336776,0.9997998998998998,0.00042184811687569765,0.9997998998998998,0.0004218481168756918,0.0006325820484433631,0.0006325820484433663,0.0004219325456203118,0.00042193254562030596
K-Means (Exclusive),1.5,0.4000000000000001,0.99679673132446,0.0031500568010874065,0.9977927581390859,0.0027452884602260255,0.9972919505637442,0.0017076986210704439,0.997290459513797,0.0017096593374282428,0.003160179705747906,0.0027513613802389917,0.0017123357108268292,0.0017143043143737107
K-Means (Exclusive),1.5,0.5000000000000001,0.9931339088390908,0.00482972065522611,0.9953188303223559,0.004904100885863174,0.9942204840195836,0.0036577571201922648,0.9942086176475667,0.0036434869809462197,0.004863111220189572,0.004927165784932325,0.003679020075510953,0.0036647107219480828
K-Means (Exclusive),1.5,0.6000000000000001,3.5868657272873072,8.232565722286742,3.708209744857464,8.576606480151236,3.6469036254714142,8.402703196811732,3.0881997597883997,6.6367595233409995,2.295197631641736,2.312869840236317,2.304065053467258,2.149070668859758
K-Means (Exclusive),1.5,0.7000000000000002,0.985841708657014,0.009205466548250477,0.982138312653421,0.01093071971298295,0.983969965455166,0.007197493526053357,0.9840758742927278,0.007168436388651371,0.00933767202930665,0.011129511568947627,0.007314749208553263,0.007284434641590466
K-Means (Exclusive),1.5,0.8000000000000003,0.9810850365050878,0.011322586927430113,0.9802497889384574,0.01112219433053425,0.9806061877013909,0.004363129675418442,0.9805465248082363,0.004531773727519503,0.011540882294734087,0.011346285871256157,0.004449420909372315,0.004621681493803442
K-Means (Exclusive),2.0,0.2,1.0,0.0,1.0,0.0,1.0,0.0,1.0,0.0,0.0,0.0,0.0,0.0
K-Means (Exclusive),2.0,0.3,1.0,0.0,1.0,0.0,1.0,0.0,1.0,0.0,0.0,0.0,0.0,0.0
K-Means (Exclusive),2.0,0.4000000000000001,0.9996007984031936,0.0008415908609895908,1.0,0.0,0.9998001998001997,0.0004212158055502208,0.9997999999999999,0.0004216370213557826,0.000841926959576248,0.0,0.0004212999813706745,0.0004217213656289084
K-Means (Exclusive),2.0,0.5000000000000001,0.9980015550704311,0.0020980846708395446,0.9987967887582394,0.0021570750992075394,0.998396875399628,0.001269323071325663,0.9983962884589463,0.001268245433808287,0.002102285973583957,0.002159673642813106,0.0012713612217762516,0.0012702826006753896
K-Means (Exclusive),2.0,0.6000000000000001,0.9969487352036369,0.0036792754054010084,0.9959681049800061,0.003926425193891256,0.9964586173626973,0.0026287355434715734,0.9964675875664517,0.0026189562564281465,0.0036905362086140556,0.003942320215133876,0.0026380779870507657,0.002628240285089549
K-Means (Exclusive),2.0,0.7000000000000002,0.9914836807683869,0.009078898177910575,0.9910296978217141,0.0072081784040462305,0.9912261940748006,0.004932795183766547,0.9912325451479875,0.004979770565131074,0.009156881100528601,0.007273423208093386,0.0049764576574479686,0.005023816650801767
K-Means (Exclusive),2.0,0.8000000000000003,0.9898866822134993,0.008628519796020808,0.9851903518099336,0.01188641024424754,0.9874616112684196,0.006965678464479074,0.9876220885295741,0.006798628710578209,0.008716674293189251,0.0120650899822664,0.007054125836377054,0.006883836225960054
K-Means (Exclusive),2.5,0.2,1.0,0.0,1.0,0.0,1.0,0.0,1.0,0.0,0.0,0.0,0.0,0.0
K-Means (Exclusive),2.5,0.3,1.0,0.0,1.0,0.0,1.0,0.0,1.0,0.0,0.0,0.0,0.0,0.0
K-Means (Exclusive),2.5,0.4000000000000001,1.0,0.0,1.0,0.0,1.0,0.0,1.0,0.0,0.0,0.0,0.0,0.0
K-Means (Exclusive),2.5,0.5000000000000001,0.9994015928270947,0.0013447807070654265,0.9997999999999999,0.000632455532033674,0.9996002991016967,0.0006982873323973651,0.9995998998999,0.0006993014056108721,0.0013455859153289195,0.0006325820484433627,0.0006985665500749547,0.0006995813081622959
K-Means (Exclusive),2.5,0.6000000000000001,0.998804779292348,0.002143849850109597,0.9995991967871486,0.0012674496321995422,0.9992001933875067,0.0011350689894437768,0.9991985963889627,0.0011373339889450625,0.0021464152901115594,0.0012679578337730785,0.0011359775518013516,0.0011382461835468063
K-Means (Exclusive),2.5,0.7000000000000002,0.9960075116908117,0.0029747436190388273,0.9977947879987402,0.002749343812515437,0.9968984765272456,0.0026067459181968932,0.9968897590112397,0.002610805279147328,0.002986667855535481,0.002755420097984024,0.0026148559553201903,0.002618950847420524
K-Means (Exclusive),2.5,0.8000000000000003,0.9959006670128456,0.004867559896850403,0.9932829099590734,0.0030327209110663144,0.994579260467626,0.0022026189536824966,0.9946134878857972,0.0022447854994113686,0.004887595779457007,0.003053229730078888,0.0022146238527504395,0.0022569425477860783
K-Means (Exclusive),3.0,0.2,1.0,0.0,1.0,0.0,1.0,0.0,1.0,0.0,0.0,0.0,0.0,0.0
K-Means (Exclusive),3.0,0.3,1.0,0.0,1.0,0.0,1.0,0.0,1.0,0.0,0.0,0.0,0.0,0.0
K-Means (Exclusive),3.0,0.4000000000000001,1.0,0.0,1.0,0.0,1.0,0.0,1.0,0.0,0.0,0.0,0.0,0.0
K-Means (Exclusive),3.0,0.5000000000000001,1.0,0.0,0.9997999999999999,0.000632455532033674,0.9998998998998999,0.0003165443103271636,0.9999,0.0003162277660168458,0.0,0.0006325820484433627,0.0003165759996164145,0.0003162593919560414
K-Means (Exclusive),3.0,0.6000000000000001,0.9996003992015968,0.0008424329773192191,0.9994,0.0013498971154211087,0.9994996990984968,0.0008505580654210191,0.9994999999999999,0.00084983658559883,0.0008427697487837031,0.0013507075399450759,0.0008509838133900228,0.0008502617164570587
K-Means (Exclusive),3.0,0.7000000000000002,0.9993991823222659,0.00134823186262545,0.9997995911112287,0.0014799166720233094,0.9995990892073072,0.0010784548088175697,0.9995986928570406,0.001078064745966883,0.001349042391142061,0.001480213319929901,0.0010788873463988408,0.0010784975547392642
K-Means (Exclusive),3.0,0.8000000000000003,0.999193067363008,0.00283922014173675,0.9977955863631459,0.0038362531010754184,0.9984897363042601,0.0017949144628476243,0.9984944749726088,0.0017874551079400539,0.002841513051356328,0.0038447284729511933,0.0017976293572042061,0.0017901502239049327
SOM,0.0,0.2,0.972997797944679,0.03695009787593514,0.9893912834198575,0.13222254113553378,0.9809924934089308,0.08044233328907047,0.9734270638166965,0.03453970625780483,0.0379755205551205,0.13364029312902678,0.08200096721386199,0.03548258266251462
SOM,0.0,0.3,1.0122152574159533,0.03278155899865275,0.9734217554063568,0.16578927561762521,0.98856808201666,0.09586540016071732,1.0116323781656928,0.03167156610386666,0.032385956206923396,0.17031597526646214,0.09697399896338321,0.03130738674190522
SOM,0.0,0.4000000000000001,1.0196024853667534,0.040845697791601236,0.9951414356342712,0.13462432237696123,1.0051127623803928,0.07053008037996003,1.0201099831368776,0.038852304452129144,0.04006041411021958,0.1352815967221343,0.07017131114017967,0.038086387835022266
SOM,0.0,0.5000000000000001,0.9910029541465109,0.05571422089668047,1.0109047300812626,0.13622073859423306,1.0007226271771532,0.08703529040551897,0.9914872099395975,0.05288085641465037,0.056220035130635566,0.13475131190976108,0.08697244175544311,0.0533348850943543
SOM,0.0,0.6000000000000001,0.9995280113848773,0.049898527706266044,0.9990638194355173,0.1391239733108503,0.9971021221105365,0.06763583489508637,1.0003593969234341,0.045402805490730065,0.04992209036456124,0.1392543405179631,0.06783240492149752,0.04538649372452001
SOM,0.0,0.7000000000000002,1.0061225078715297,0.051000041970893785,1.0247489232203726,0.09489141464801759,1.0145727386537111,0.04466793175656312,1.0071878328030817,0.04755310974472689,0.050689693920857905,0.09259967246397502,0.044026347303432675,0.04721374523794922
SOM,0.0,0.8000000000000003,1.0161333099596581,0.041008927793230454,1.0582389939876822,0.134079373954561,1.0356896383066554,0.06597668303792953,1.0159939309440147,0.03867393466573652,0.040357822533008555,0.1267004662617088,0.06370314097744659,0.038065123705810416
SOM,0.5,0.2,6.922595857929726,11.898036616772206,12.555754650267385,22.737747877981686,9.93814956798747,17.729167595620492,1.2438904536004844,0.37765495377976965,1.718724718436826,1.8109423536320428,1.7839505709120402,0.3036078882080284
SOM,0.5,0.3,1.3712678973050392,1.1598902070619834,1.6267778495397447,2.108996669075228,1.5058636920748323,1.6562423742587544,1.0031962164069528,0.3877158600804452,0.8458523745371145,1.2964257348794828,1.0998620811268283,0.38648058449531253
SOM,0.5,0.4000000000000001,1.2889715286150538,0.3978257721682013,1.563398347957683,0.7754426562138919,1.433097733675583,0.6057328758751794,1.137005583414697,0.16723168204954536,0.3086381377218227,0.4959981294766476,0.4226738076834486,0.1470807922924257
SOM,0.5,0.5000000000000001,1.1117191204491732,0.17066462593950152,1.198176290533531,0.3342535672367693,1.1556247607272225,0.25612863531209873,1.07547095311499,0.1258039950396935,0.15351415910751545,0.27896860410076296,0.22163650694964313,0.11697572554174085
SOM,0.5,0.6000000000000001,1.043206737165058,0.1480633657471858,1.1561317707962129,0.3626889891856006,1.1009991124164678,0.25906349702698594,1.0212690889010034,0.1025638491858139,0.14193099073492557,0.31370904108605324,0.23529855211090459,0.100427840517707
SOM,0.5,0.7000000000000002,1.033832210192881,0.1794891624352562,1.0886284044128232,0.3068896966470775,1.0616577682496842,0.2402303883448371,1.021483206316494,0.15246964157794182,0.173615370720331,0.2819049139293821,0.2262785574874058,0.14926299388489503
SOM,0.5,0.8000000000000003,1.009318242431842,0.09810443630711603,1.0826753056421814,0.2022330092630149,1.0459049076559492,0.1420198424059458,1.0072296324046086,0.09026665431445186,0.09719871511560527,0.18679008213183712,0.13578657234168298,0.08961874374064419
SOM,1.0,0.2,6.221657237292777,9.978485992656402,10.882339060333141,18.711285499467174,8.635385190518964,14.498098135200012,1.5288051137155958,0.7664083717259144,1.6038308785069508,1.7194176174560734,1.6789173633062586,0.5013120147559171
SOM,1.0,0.3,4.927780469231528,6.20880803559794,8.74758187846871,12.632991085511412,6.875798189356156,9.462369500634452,1.4095213991655444,0.43819561530927165,1.2599603562628237,1.4441695157614065,1.376184879201712,0.3108825559999936
SOM,1.0,0.4000000000000001,1.0356155233703785,0.42323039827946957,1.0638674318269796,0.7164553259919716,1.0475307083670704,0.5753413431422533,0.9823341966271293,0.3155562639978034,0.4086752165534168,0.6734441759924945,0.5492357775736395,0.3212310688982164
SOM,1.0,0.5000000000000001,1.3454778832297358,0.6728275298207446,1.7607788869561776,1.4237162055291332,1.5590320929650425,1.0589994728081087,1.11230060173999,0.2581961435058429,0.5000658414433866,0.8085718292489764,0.6792672694723381,0.23212802645430786
SOM,1.0,0.6000000000000001,1.0424008555206548,0.29093516733811003,1.1915302053093613,0.5868281889201917,1.1181651184984847,0.4417380840429051,0.9777118774070728,0.19875576095279512,0.27910104428377003,0.492499633081338,0.3950562190994547,0.20328663847257597
SOM,1.0,0.7000000000000002,0.9680873321878283,0.1598020520542054,0.9683833515417486,0.30542302093456,0.9658053837528356,0.22576318083691688,0.9666113444241544,0.14784006601225508,0.1650698720466271,0.3153947457360771,0.23375639091973952,0.1529467524512955
SOM,1.0,0.8000000000000003,1.067697483528609,0.3162342100009413,1.1793031695963787,0.6208799670274663,1.1212878140964848,0.46376839489823257,1.035923383739532,0.22091706766215982,0.2961833430156884,0.5264803682669359,0.41360334881720756,0.21325618393194434
SOM,1.5,0.2,0.4035104984339674,0.29683418415730733,0.2544958593667267,0.23698383773340265,0.3207569439836283,0.25900869372448393,0.8702701898322797,0.5282039704821133,0.7356293957885283,0.9311893652144283,0.8074920857760259,0.6069425066529165
SOM,1.5,0.3,3.1536210136381033,5.864313454199933,5.319778234668557,9.43046056961453,4.256225057503985,7.717027471521693,1.0909676890129534,0.5093678438884103,1.8595492067179946,1.7727168602925953,1.8131154643517031,0.4668954443089491
SOM,1.5,0.4000000000000001,10.355967615565314,18.778673386029904,16.820760155740317,28.243167602257618,13.56114824174864,23.748754729518147,1.5095400123256333,0.739817104836647,1.8133190526595528,1.6790660672145217,1.7512348000449163,0.49009439882078193
SOM,1.5,0.5000000000000001,14.860633954273041,41.70332794310245,27.06060131191096,80.48079483615916,20.919003857024503,60.992569403336645,1.0126056524666347,0.4669746487092298,2.8062953485985727,2.974094843958062,2.915653623862956,0.46116140826560964
SOM,1.5,0.6000000000000001,1.8777771241983214,1.6843448381833142,2.757547741615652,3.2948332469629866,2.2985807498091217,2.4449701384491362,1.229390189719164,0.48224322379447504,0.8969886875698365,1.1948417781635714,1.0636868592291877,0.3922621376250256
SOM,1.5,0.7000000000000002,2.801723679751453,4.433589931971507,5.414428880044764,10.587482298208217,4.107872149425551,7.562879752145264,1.177311229461695,0.5296774277462383,1.5824508191203281,1.9554199589229222,1.841069896297251,0.4499043366709617
SOM,1.5,0.8000000000000003,1.7368479343670629,1.135460425661596,2.3186679118330664,1.8108716596383976,2.033329614811579,1.490067817778748,1.2336188591547868,0.31200209250557565,0.653747747971602,0.7809965585829749,0.732821578422162,0.25291611764053584
SOM,2.0,0.2,0.21831700637030912,0.306740129032175,0.1254289156626506,0.18634543589875957,0.16688281756585852,0.24154587534690888,1.0540244269211647,0.6600387133522098,1.4050216890198772,1.485665684936223,1.4473981136589176,0.6262081755355534
SOM,2.0,0.3,0.32343993595063136,0.345112027713092,0.17939013032411097,0.21058844878942923,0.24261868376028514,0.27352130436448685,0.7880021453872708,0.43241290910672475,1.0670049964571122,1.1739132381973918,1.1273711493494643,0.5487458525816723
SOM,2.0,0.4000000000000001,4.121766959731158,5.5692275112822625,7.212643505038228,12.417723753490492,5.594103192069373,8.647163766888674,1.2300977356659855,0.7662710662621565,1.3511747669609917,1.721660545792451,1.5457640787083713,0.6229351083613618
SOM,2.0,0.5000000000000001,13.410268253828145,24.890634266971194,23.059992940556484,43.16936391246004,18.502780278857564,34.49517868594828,1.4698484465363744,0.551095794521142,1.856087722918281,1.8720458425005173,1.8643240727105554,0.3749337530816678
SOM,2.0,0.6000000000000001,2.6446450684101754,2.8183500630579696,4.358857664984383,5.660098677524386,3.5171085556805686,4.263395552741233,1.2036155885680806,0.4715841054980534,1.0656817796545441,1.298527988879551,1.2121876493846964,0.3918062460948087
SOM,2.0,0.7000000000000002,10.497724859516133,17.925181897336124,16.247974016422585,27.864333120542135,13.63955815158377,23.36519968741002,1.2774757312860419,0.49003557304538986,1.7075301684142579,1.7149420039925196,1.7130466711413923,0.38359677686563043
SOM,2.0,0.8000000000000003,1.922848693442156,1.9552048131014919,2.7814620842293936,3.4807177683382324,2.3857351371984294,2.7514697333505524,1.0307884647333194,0.48461804457771407,1.0168271792625627,1.2513986036601208,1.1533005866617723,0.4701430615088345
SOM,2.5,0.2,0.7772219384137125,0.4605517021255807,0.7219578947368421,0.48982013067920177,0.7534451782086192,0.47621761161311216,0.9028997353390972,0.18903304793360085,0.592561377083042,0.678460799791855,0.6320534331978347,0.20936217005602148
SOM,2.5,0.3,3.8268285589525335,10.763768542427808,3.5837839901477837,9.83855195268673,3.665101805891451,10.187286511544677,1.6303274010397764,0.9709154962870983,2.8127125050446553,2.7452971439500793,2.7795371182238844,0.5955340600102017
SOM,2.5,0.4000000000000001,1.4649592994153173,2.607991074214644,2.309141878635825,4.564754409875925,1.861533435685434,3.5217572628841376,1.353771898006622,0.940275897736622,1.7802481442696219,1.976818510854193,1.8918581828144245,0.6945600651935107
SOM,2.5,0.5000000000000001,4.909206368025966,8.943597657327482,7.538305418258801,13.763914661107814,6.248371345195162,11.466157423018734,1.3848988327229885,0.9316139505715648,1.8218011195409938,1.8258632275325088,1.8350633772488436,0.6726945886291384
SOM,2.5,0.6000000000000001,19.890656623823475,51.480452245212,49.64218361289488,142.18755543766437,32.63816311801832,89.85285702611405,1.415563252043406,0.9907651373311309,2.5881725887094515,2.8642486105452103,2.752999815008266,0.6999087719329624
SOM,2.5,0.7000000000000002,10.841153356029638,19.116748134153198,22.01657442331056,39.8721906145646,16.17690311245327,28.75937398526716,1.19157474399876,0.7133191188270099,1.7633500335571617,1.811007918304902,1.7778046753044887,0.5986356478429625
SOM,2.5,0.8000000000000003,1.3772796980819386,1.2735417386909584,1.747135673692716,2.9832387093851493,1.5475206091184759,2.1074546492291715,0.9878738736008594,0.34644733677617856,0.9246790905758283,1.7075026022906552,1.3618265480998373,0.35069996892756894
SOM,3.0,0.2,6.221347560353619,18.638313769761414,16.645,51.77646902900112,10.265055520748145,31.525062692074417,1.3717625369410504,1.0112093225961454,2.9958644150564093,3.1106319632923474,3.071104937362948,0.7371606202711167
SOM,3.0,0.3,0.4775083052482808,0.5012030276834175,0.4336396596188199,0.4625648511286344,0.457220336892061,0.4838708785702725,0.7683321033240957,0.27992216418263516,1.0496215922837544,1.0667032889363497,1.0582881808350162,0.36432444117795654
SOM,3.0,0.4000000000000001,0.8954856117681788,1.8646438988123377,1.6437759438282282,3.8244845974685817,1.2509011946328523,2.8072078285312267,1.3155024779595896,0.7364970793456972,2.082271199344577,2.326645922656375,2.2441483312798023,0.5598598951239082
SOM,3.0,0.5000000000000001,18.70809116514662,53.5179431691717,51.28265721224024,153.2014623278965,31.783530629576898,93.48247472119643,1.3794600022316632,1.1623667916650655,2.8606843261955137,2.9873932174351157,2.9412237366167293,0.842624497835828
SOM,3.0,0.6000000000000001,2.9970405956978547,5.395189063825139,3.8999869402000558,7.442876348253296,3.519022740401733,6.558267964137898,0.9166558400996978,0.427265203842533,1.800172167026947,1.9084362236022006,1.863661717454319,0.46611300026852237
SOM,3.0,0.7000000000000002,0.5191079240277522,0.31965484234412384,0.4038306909911514,0.36930018140967297,0.4485540095015542,0.3449771409666808,0.8775077049406347,0.6782210424372751,0.6157772354232733,0.9144926070459686,0.769087186067134,0.7728946864154979
SOM,3.0,0.8000000000000003,1.5353126258004088,1.1059430990243142,1.8072526078645583,1.2912848838632707,1.6508070560112038,1.1926661491037844,1.1424989558724818,0.3915590675156969,0.7203373960712072,0.7145016021800334,0.7224745888750853,0.3427215976899327
